{"accuracy": 1.0, "cross_val_mean": 0.6, "cross_val_std": 0.37416573867739417, "n_samples": 10, "n_samples_per_class": {"A": 2, "E": 8}, "classification_report": {"E": {"precision": 1.0, "recall": 1.0, "f1-score": 1.0, "support": 2.0}, "accuracy": 1.0, "macro avg": {"precision": 1.0, "recall": 1.0, "f1-score": 1.0, "support": 2.0}, "weighted avg": {"precision": 1.0, "recall": 1.0, "f1-score": 1.0, "support": 2.0}}, "feature_importance": [0.02573529411764705, 0.012058823529411766, 0.03149159663865547, 0.0, 0.014705882352941176, 0.021369763814616756, 0.03310924369747899, 0.0, 0.011029411764705883, 0.010927601809954756, 0.008868778280542994, 0.0, 0.029411764705882353, 0.019898190045248867, 0.01423788000172543, 0.0, 0.007352941176470597, 0.004705882352941175, 0.010254010695187167, 0.0, 0.014705882352941171, 0.017042957042957045, 0.006645927601809954, 0.0, 0.025735294117647058, 0.016981792717086833, 0.014726890756302527, 0.0, 0.018382352941176468, 0.012254901960784312, 0.016928733031674206, 0.0, 0.011029411764705888, 0.007373949579831938, 0.016859959893048122, 0.0, 0.014705882352941176, 0.01835927552839318, 0.00426733193277311, 0.0, 0.011029411764705876, 0.010080801551389785, 0.01527310924369748, 0.0, 0.022058823529411766, 0.016866515837104072, 0.01391806722689076, 0.0, 0.007352941176470588, 0.024700024240465423, 0.011008403361344536, 0.0, 0.022058823529411766, 0.02286764705882353, 0.01229178518602799, 0.0, 0.018382352941176475, 0.011575630252100831, 0.012079831932773111, 0.0, 0.023590686274509796, 0.02865737203972498, 0.017932263814616756, 0.0, 0.007352941176470585, 0.012503232062055591, 0.013676470588235293, 0.0, 0.014705882352941176, 0.021202620908503268, 0.017540106951871654, 0.0, 0.011029411764705876, 0.013098023300229186, 0.011862745098039217, 0.0, 0.015931372549019607, 0.013130252100840335, 0.012079831932773106, 0.0, 0.014705882352941171, 0.018078539107950875, 0.020220588235294115, 0.0, 0.010000000000000005], "classes": ["A", "E"], "oob_score": 0.5, "training_date": "2025-09-19T00:45:58.915193"}